sample,peptide,proteinID,mods,mods_type,MSF_probability,AP_score,MQ_score,MM_score
139_PR150,AALSDEIEASR,TcCLB.511217.100:mRNA,unmodified,nan,0.9707,,,
139_PR150,AATLSVPR,TCSYLVIO_005804-t26_1,unmodified,nan,0.9773,,,
139_PR150,AEENDAGHGATVIPPR,TCSYLVIO_006243-t26_1,unmodified,nan,0.9969,,,
139_PR150,AGALCLKR,TcCLB.511145.80:mRNA,modified,5C_carbamidomethylation,0.9993,,,
139_PR150,AGAVSQAYHDLASR,TcCLB.511001.120:mRNA,unmodified,nan,1.0,1.0,49.159,14.549
139_PR150,AIPLQQQAN,TCSYLVIO_007112-t26_1,unmodified,nan,0.9853,,,
139_PR150,ALLEPYLK,TCSYLVIO_003159-t26_1,unmodified,nan,0.9966,,,
139_PR150,ALLPLSLLEEGER,TCSYLVIO_009903-t26_1,unmodified,nan,0.9976,,,
139_PR150,ASAVPQGDR,TCSYLVIO_006446-t26_1,unmodified,nan,0.9966,,,
139_PR150,ASFTVSLPR,TCSYLVIO_009191-t26_1,unmodified,nan,0.9992,,,
139_PR150,AVAAGVVQSSENAAPQAPSPK,TCSYLVIO_009527-t26_1,unmodified,nan,0.9864,,,
139_PR150,AVCMIANSTAIAEVFAR,TCSYLVIO_008204-t26_1,modified,"3C_carbamidomethylation, 4M_oxidation",1.0,1.0,,15.5
139_PR150,AVLIDLEPGTMDSVR,TcCLB.506563.40:mRNA,modified,11M_oxidation,0.9874,0.9778539523475888,,11.328
139_PR150,CEWFQCPAR,TCSYLVIO_008402-t26_1,modified,"1C_carbamidomethylation, 6C_carbamidomethylation",0.9999,,,
139_PR150,CGINYQPPTVVPGGDLAK,TCSYLVIO_008204-t26_1,modified,1C_carbamidomethylation,0.9999,0.9642756972936752,,12.258
139_PR150,CGYTHMVK,TcCLB.511001.120:mRNA,modified,1C_carbamidomethylation,0.9972,,,
139_PR150,CPFTSDVSIR,TcCLB.511139.20:mRNA,modified,1C_carbamidomethylation,0.9998,,,
139_PR150,DALHFLEEEYLELPVK,TCSYLVIO_002598-t26_1,unmodified,nan,0.9968,,,
139_PR150,DDAEEDGK,TCSYLVIO_000347-t26_1,unmodified,nan,0.9952,,,
139_PR150,DDEDMLVSILFDDR,TCSYLVIO_006273-t26_1,unmodified,nan,0.9811,,,
139_PR150,DGGLTIQQR,TCSYLVIO_001150-t26_1,unmodified,nan,0.9515,,49.933,
139_PR150,DIVYADPQEGEEYAQVK,TCSYLVIO_007656-t26_1,unmodified,nan,1.0,,,
139_PR150,DNLDMPPNAELAAQIK,TcCLB.506925.120:mRNA,modified,5M_oxidation,1.0,,,
139_PR150,DVNAAVATIK,TCSYLVIO_008204-t26_1,unmodified,nan,0.983,1.0,,11.217
139_PR150,DVYELLGGK,TcCLB.510861.40:mRNA,unmodified,nan,0.9179,,,
139_PR150,DVYLLAAGR,TCSYLVIO_009995-t26_1,unmodified,nan,0.9302,0.9386344243052914,58.679,10.295
139_PR150,DYLHFIR,TcCLB.511139.20:mRNA,unmodified,nan,0.9143,,,
139_PR150,EALGAVGGGTGR,TcCLB.511621.210:mRNA,unmodified,nan,0.9966,,,
139_PR150,EDAANNYAR,TCSYLVIO_008641-t26_1,unmodified,nan,1.0,,,
139_PR150,EDDPLLSR,TCSYLVIO_001841-t26_1,unmodified,nan,0.9965,,,
139_PR150,EDLAALEK,TCSYLVIO_008204-t26_1,unmodified,nan,0.9834,1.0,69.105,
139_PR150,EDVNDIGISLGSQR,TCSYLVIO_000514-t26_1,unmodified,nan,0.9479,,,
139_PR150,EGGAGDTEDTGEGDVVK,TCSYLVIO_006961-t26_1,unmodified,nan,0.9886,,,
139_PR150,EIVCVQAGQCGNQIGSK,TcCLB.506563.40:mRNA,modified,"4C_carbamidomethylation, 10C_carbamidomethylation",0.8777,,,
139_PR150,EIVDLCLDR,TCSYLVIO_008641-t26_1,modified,6C_carbamidomethylation,0.937,,,
139_PR150,ENPVTVPR,TCSYLVIO_005300-t26_1,unmodified,nan,0.9977,,,
139_PR150,EPAPEASVSQELPPESSQAQK,TCSYLVIO_008109-t26_1,unmodified,nan,0.9902,,,
139_PR150,EVDEQMLNVQNK,TcCLB.506563.40:mRNA,modified,6M_oxidation,1.0,0.963012197821748,,
139_PR150,FDLMYSK,TCSYLVIO_008204-t26_1,modified,4M_oxidation,0.9969,0.9348022276209612,43.858,
139_PR150,FFGLQSGEEGEMK,TcCLB.510911.10:mRNA,unmodified,nan,1.0,0.9640091989063796,41.347,12.28
139_PR150,FIDALFDK,TCSYLVIO_004547-t26_1,unmodified,nan,0.9334,,,
139_PR150,FLAQEGANK,TcCLB.510123.50:mRNA,unmodified,nan,0.9997,,,
139_PR150,FLEQLEDVMASK,TCSYLVIO_008265-t26_1,unmodified,nan,0.9984,,,
139_PR150,FSMAGGNGGNR,TCSYLVIO_003382-t26_1,unmodified,nan,0.9956,,,
139_PR150,FSSGFSSGSQGFGSFGGGR,TcCLB.506529.530:mRNA,unmodified,nan,0.9952,,,
139_PR150,FVEELNSR,TCSYLVIO_007433-t26_1,unmodified,nan,0.9965,,,
139_PR150,GAAASGVETTAALQK,TCSYLVIO_008137-t26_1,unmodified,nan,0.9946,,,
139_PR150,GAAGGCIYTSK,TcCLB.510911.10:mRNA,modified,6C_carbamidomethylation,0.9885,0.9741356712296572,,10.399
139_PR150,GAALLISR,TCSYLVIO_001402-t26_1,unmodified,nan,0.9979,,,
139_PR150,GAVEPTVR,TCSYLVIO_010956-t26_1,unmodified,nan,0.9931,,,
139_PR150,GDLFPVGFILGFAMTLAR,TcCLB.511339.10:mRNA,unmodified,nan,0.9933,,,
139_PR150,GGIVGGGGGGGGFSR,TcCLB.503575.27:mRNA,unmodified,nan,0.9989,,,
139_PR150,GGNVDVVK,TcCLB.506211.170:mRNA,unmodified,nan,0.9971,,,
139_PR150,GGYICINGRPCK,TcCLB.506925.120:mRNA,modified,"5C_carbamidomethylation, 11C_carbamidomethylation",1.0,,,
139_PR150,GHYTIGK,TCSYLVIO_008641-t26_1,unmodified,nan,0.9424,,,
139_PR150,GLSSDAVSFMPAHQSEEFK,TcCLB.506801.120:mRNA,modified,10M_oxidation,0.9914,,,
139_PR150,GLSVPELTQQMFDAK,TcCLB.506563.40:mRNA,modified,11M_oxidation,0.9291,,,
139_PR150,GPAFLQK,TCSYLVIO_005972-t26_1,unmodified,nan,0.9957,,,
139_PR150,GVVHSTK,TcCLB.511139.20:mRNA,unmodified,nan,0.8814,,,
139_PR150,GYDSAGLCIDGR,TCSYLVIO_001869-t26_1,modified,8C_carbamidomethylation,0.9166,,,
139_PR150,HAPLQALDEEGCR,TCSYLVIO_007427-t26_1,modified,12C_carbamidomethylation,0.9961,,,
139_PR150,HDALGVGWMISCAAIQK,TcCLB.507809.80:mRNA,modified,12C_carbamidomethylation,0.9734,,,
139_PR150,HELELIK,TCSYLVIO_000949-t26_1,unmodified,nan,0.9523,,,
139_PR150,HVYDAVR,TcCLB.503955.50:mRNA,unmodified,nan,0.9948,,,
139_PR150,IGTVSLRAAK,TCSYLVIO_002758-t26_1,unmodified,nan,0.9834,,,
139_PR150,INVYFDEATGGR,TcCLB.506563.40:mRNA,unmodified,nan,1.0,1.0,,12.283
139_PR150,ISVDFVTPSADTPK,TCSYLVIO_000477-t26_1,unmodified,nan,0.9921,,,
139_PR150,KALGNLR,TCSYLVIO_007656-t26_1,unmodified,nan,0.9236,,,
139_PR150,KCVWYYSK,TcCLB.510165.60:mRNA,modified,2C_carbamidomethylation,0.9959,,,
139_PR150,KEFMEDNVTSR,TCSYLVIO_006507-t26_1,modified,4M_oxidation,0.973,,,
139_PR150,KGGEGGGDMEGGK,TCSYLVIO_007762-t26_1,modified,9M_oxidation,0.9966,,,
139_PR150,KGGYCLEK,TCSYLVIO_007954-t26_1,modified,5C_carbamidomethylation,0.9994,,,
139_PR150,KGGYICINGRPCK,TcCLB.506925.120:mRNA,modified,"6C_carbamidomethylation, 12C_carbamidomethylation",0.9539,,,
139_PR150,KHFVMSK,TCSYLVIO_005932-t26_1,modified,5M_oxidation,0.9962,,,
139_PR150,KIGLGFK,TcCLB.511139.20:mRNA,unmodified,nan,0.9469,,,
139_PR150,KISFAGTEDPVEK,TcCLB.421619.10:mRNA,unmodified,nan,0.9915,,,
139_PR150,KLFEDFDPFR,TcCLB.510101.380:mRNA,unmodified,nan,0.9975,,,
139_PR150,KLHEVGVALR,TCSYLVIO_005699-t26_1,unmodified,nan,0.9656,,,
139_PR150,KSAMNEEAVPFVK,TcCLB.503579.50:mRNA,modified,4M_oxidation,0.9968,,,
139_PR150,KSEELTLSK,TCSYLVIO_006251-t26_1,unmodified,nan,0.9973,,,
139_PR150,KSVGGGPILTR,TcCLB.511407.80:mRNA,unmodified,nan,0.9962,,,
139_PR150,KVWIGQGDVVLVSK,TCSYLVIO_007656-t26_1,unmodified,nan,1.0,,,
139_PR150,KYAAKPDEVK,TcCLB.506599.420:mRNA,unmodified,nan,0.9987,,,
139_PR150,KYLQLEQNLR,TCSYLVIO_006251-t26_1,unmodified,nan,0.9909,,,
139_PR150,LADIGEGIQK,TCSYLVIO_009880-t26_1,unmodified,nan,0.9315,,,
139_PR150,LANYDEWEK,TCSYLVIO_008704-t26_1,unmodified,nan,0.9956,,,
139_PR150,LAVNLVPFPR,TcCLB.506563.40:mRNA,unmodified,nan,0.9379,,,
139_PR150,LELQLADGSK,TCSYLVIO_007656-t26_1,unmodified,nan,0.9856,,,
139_PR150,LFQMAVGLATK,TcCLB.506685.10:mRNA,modified,4M_oxidation,0.9937,,,
139_PR150,LGSSNYSGAMEQLK,TCSYLVIO_004186-t26_1,modified,10M_oxidation,0.9955,,,
139_PR150,LHQQGFR,TCSYLVIO_008848-t26_1,unmodified,nan,0.9957,,,
139_PR150,LHSDECAVIYNLMVK,TCSYLVIO_001544-t26_1,modified,6C_carbamidomethylation,0.9951,,,
139_PR150,LLFSASFLDK,TCSYLVIO_001730-t26_1,unmodified,nan,0.9964,,,
139_PR150,LNFEANPVAK,TcCLB.508675.29:mRNA,unmodified,nan,0.9824,,,
139_PR150,LPGEVTLPR,TCSYLVIO_009226-t26_1,unmodified,nan,1.0,,,
139_PR150,LQIWDTSGQDR,TCSYLVIO_000514-t26_1,unmodified,nan,0.9841,,,
139_PR150,LSAFNDCPDAAADYPFK,TCSYLVIO_010540-t26_1,modified,7C_carbamidomethylation,0.9944,,,
139_PR150,LSGGTVSIAR,TcCLB.507827.10:mRNA,unmodified,nan,0.997,,,
139_PR150,LYAPLAGEAPTVTVR,TCSYLVIO_008402-t26_1,unmodified,nan,0.9892,,,
139_PR150,MDGDSVR,TCSYLVIO_006542-t26_1,unmodified,nan,0.9962,,,
139_PR150,MEDQAPTTHNVDVPFVK,TcCLB.506925.120:mRNA,modified,1M_oxidation,1.0,,,
139_PR150,MESTNSLLASISNNTGDADTVR,TCSYLVIO_001671-t26_1,modified,1M_oxidation,0.9797,,,
139_PR150,MSANGSTAIMPSAVASPCCLWSVRK,TcCLB.506973.25:mRNA,modified,"10M_oxidation, 18C_carbamidomethylation, 19C_carbamidomethylation",0.9943,,,
139_PR150,MTLDDLSK,TCSYLVIO_001223-t26_1,modified,1M_oxidation,0.9948,,,
139_PR150,NDIVDVIHR,TCSYLVIO_007656-t26_1,unmodified,nan,0.9993,,,
139_PR150,NELVEESR,TCSYLVIO_002436-t26_1,unmodified,nan,0.9976,,,
139_PR150,NGSHLLSNNVTSR,TCSYLVIO_001261-t26_1,unmodified,nan,0.9956,,,
139_PR150,NIAGIEGEEVNVDIMVK,TcCLB.506685.10:mRNA,unmodified,nan,0.997,,,
139_PR150,NIDIEDILEEIK,TCSYLVIO_005588-t26_1,unmodified,nan,0.9967,,,
139_PR150,NMMQAADPR,TcCLB.506563.40:mRNA,modified,"2M_oxidation, 3M_oxidation",0.9282,,,
139_PR150,NSASSNDSR,TcCLB.506499.200:mRNA,unmodified,nan,0.9988,,,
139_PR150,NSEFPISAVGSEEEGTR,TcCLB.510863.9:mRNA,unmodified,nan,0.9964,,,
139_PR150,NVAVGQLHSGR,TCSYLVIO_001294-t26_1,unmodified,nan,0.9975,,,
139_PR150,NVQDAKR,TCSYLVIO_006268-t26_1,unmodified,nan,0.976,,,
139_PR150,NYIIYNLPK,TCSYLVIO_001526-t26_1,unmodified,nan,0.9873,,,
139_PR150,PLPTPPSPLR,TCSYLVIO_005389-t26_1,unmodified,nan,0.9964,,,
139_PR150,QIGFILAK,TCSYLVIO_010556-t26_1,unmodified,nan,0.9967,,,
139_PR150,QTESVCIVLK,TCSYLVIO_001960-t26_1,modified,6C_carbamidomethylation,0.9945,,,
139_PR150,QVAVSIPR,TCSYLVIO_003084-t26_1,unmodified,nan,0.9978,,,
139_PR150,QYENTLAELK,TCSYLVIO_008922-t26_1,unmodified,nan,0.9894,,,
139_PR150,QYRSLELIASENLTSR,TCSYLVIO_010621-t26_1,unmodified,nan,0.9849,,,
139_PR150,RAVGGDVIVMK,TCSYLVIO_005668-t26_1,unmodified,nan,0.9987,,,
139_PR150,RLIGPDLLK,TcCLB.506637.60:mRNA,unmodified,nan,0.995,,,
139_PR150,RSMNNSNGNNSTNSGGGGNNR,TCSYLVIO_006966-t26_1,modified,3M_oxidation,0.9967,,,
139_PR150,RVGEQFTAMFR,TcCLB.506563.40:mRNA,modified,9M_oxidation,1.0,,,
139_PR150,RYVTAVR,TCSYLVIO_002090-t26_1,unmodified,nan,0.997,,,
139_PR150,SEDIDFR,TCSYLVIO_005632-t26_1,unmodified,nan,0.997,,,
139_PR150,SEPPGTK,TcCLB.510205.20:mRNA,unmodified,nan,0.9962,,,
139_PR150,SFALFLHLFSLMR,TCSYLVIO_003573-t26_1,unmodified,nan,0.9977,,,
139_PR150,SFPFPFLR,TCSYLVIO_001682-t26_1,unmodified,nan,0.9928,,,
139_PR150,SGGGGGGGAEGCVR,TcCLB.507243.9:mRNA,modified,12C_carbamidomethylation,0.9226,,,
139_PR150,SIHDEADDISR,TCSYLVIO_006973-t26_1,unmodified,nan,0.9809,,,
139_PR150,SIVLGNIIPR,TCSYLVIO_005364-t26_1,unmodified,nan,0.9974,,,
139_PR150,SLTVTIR,TCSYLVIO_008402-t26_1,unmodified,nan,0.9292,,,
139_PR150,SNAHGPNEFLHVPFTK,TCSYLVIO_001046-t26_1,unmodified,nan,0.9961,,,
139_PR150,SQYQEALAK,TCSYLVIO_010622-t26_1,unmodified,nan,0.9971,,,
139_PR150,SSICDIPPK,TcCLB.506563.40:mRNA,modified,4C_carbamidomethylation,0.9845,0.9988106227379612,,10.355
139_PR150,STHGDVLSCK,TcCLB.511001.120:mRNA,modified,9C_carbamidomethylation,0.9994,0.964403965267515,,11.263
139_PR150,SVATKPFEGTVR,TCSYLVIO_008402-t26_1,unmodified,nan,1.0,,,
139_PR150,TAPEQYAR,TcCLB.511139.20:mRNA,unmodified,nan,0.9964,,,
139_PR150,TDPPTPR,TCSYLVIO_004214-t26_1,unmodified,nan,0.9969,,,
139_PR150,TDPSKPAHLSLMDDEGETR,TcCLB.506925.120:mRNA,modified,12M_oxidation,1.0,,,
139_PR150,TEETTAEVK,TCSYLVIO_007105-t26_1,unmodified,nan,0.9964,,,
139_PR150,TEVMVPTR,TCSYLVIO_006107-t26_1,unmodified,nan,0.9965,,,
139_PR150,TGVVVHHDGGR,TCSYLVIO_006572-t26_1,unmodified,nan,0.9959,,,
139_PR150,THVMHSLASDLR,TCSYLVIO_002028-t26_1,unmodified,nan,0.9961,,,
139_PR150,TIEEVSR,TCSYLVIO_006567-t26_1,unmodified,nan,0.9939,,,
139_PR150,TIGGGSSGVAGGGVHYK,TcCLB.507603.240:mRNA,unmodified,nan,0.9901,,,
139_PR150,TIQFVDWSPTGFK,TCSYLVIO_008204-t26_1,unmodified,nan,1.0,1.0,,14.361
139_PR150,TLAALEK,TCSYLVIO_006869-t26_1,unmodified,nan,0.9946,,,
139_PR150,TLNITLLQCVLMGLSVK,TcCLB.507827.10:mRNA,modified,9C_carbamidomethylation,0.9902,,,
139_PR150,TNDVMEAEEDR,TCSYLVIO_004319-t26_1,modified,5M_oxidation,0.9708,,,
139_PR150,TNWVPEFVK,TCSYLVIO_004705-t26_1,unmodified,nan,0.9959,,,
139_PR150,TPHEGSAAPNQDALK,TCSYLVIO_004277-t26_1,unmodified,nan,0.99,,,
139_PR150,TQLNTQEMEVQK,TcCLB.414517.9:mRNA,modified,8M_oxidation,0.9902,,,
139_PR150,TQVLPSD,TCSYLVIO_002320-t26_1,unmodified,nan,0.9968,,,
139_PR150,TSGAFLTK,TCSYLVIO_005420-t26_1,unmodified,nan,0.9961,,,
139_PR150,TSLMVVPEETVEEDEGTR,TcCLB.507711.340:mRNA,modified,4M_oxidation,0.9658,,,
139_PR150,TSTYSVLDIQEDR,TcCLB.506925.120:mRNA,unmodified,nan,1.0,,,
139_PR150,TVQEQAQIK,TcCLB.510557.70:mRNA,unmodified,nan,0.9916,,,
139_PR150,TVSHDAPSSK,TCSYLVIO_006558-t26_1,unmodified,nan,0.992,,,
139_PR150,VAFLLQATAK,TcCLB.506407.90:mRNA,unmodified,nan,0.9359,,,
139_PR150,VATVSIDK,TCSYLVIO_000070-t26_1,unmodified,nan,0.9998,,,
139_PR150,VATVSLRLISR,TCSYLVIO_005652-t26_1,unmodified,nan,0.9998,,,
139_PR150,VEQQLSK,TCSYLVIO_001581-t26_1,unmodified,nan,0.9964,,,
139_PR150,VEVSFQK,TCSYLVIO_008402-t26_1,unmodified,nan,0.9288,,,
139_PR150,VGEQFTAMFR,TcCLB.506563.40:mRNA,modified,8M_oxidation,1.0,0.9742136363638758,,10.2
139_PR150,VHSVDLTLQHEK,TcCLB.511139.20:mRNA,unmodified,nan,0.9992,,,
139_PR150,VIDLSVSK,TcCLB.506925.120:mRNA,unmodified,nan,0.9666,,,
139_PR150,VIDPLSELVK,TCSYLVIO_001677-t26_1,unmodified,nan,0.9966,,,
139_PR150,VLVAYPLEWCEDDTVR,TCSYLVIO_002202-t26_1,modified,10C_carbamidomethylation,0.9899,,,
139_PR150,VSIVATDIFTGNK,TcCLB.506925.120:mRNA,unmodified,nan,1.0,,,
139_PR150,VSLGVDAAANTTGGTR,TCSYLVIO_010492-t26_1,unmodified,nan,0.9965,,,
139_PR150,VSLTTFLLSLIEGCR,TCSYLVIO_000121-t26_1,modified,14C_carbamidomethylation,0.9927,,,
139_PR150,VTAPVTPR,TCSYLVIO_005629-t26_1,unmodified,nan,0.9969,,,
139_PR150,VTNYDEWEK,TCSYLVIO_008021-t26_1,unmodified,nan,0.9961,,,
139_PR150,VWIGQGDVVLVSK,TCSYLVIO_007656-t26_1,unmodified,nan,0.9835,,,
139_PR150,WAVYIGNNLLLK,TCSYLVIO_007118-t26_1,unmodified,nan,0.9942,,,
139_PR150,WILLCDGR,TCSYLVIO_002227-t26_1,modified,5C_carbamidomethylation,0.9958,,,
139_PR150,YHNIEVLGVK,TcCLB.511001.120:mRNA,unmodified,nan,1.0,1.0,57.108,14.373
139_PR150,YLCIQSSTIK,TCSYLVIO_001055-t26_1,modified,3C_carbamidomethylation,0.9964,,,
139_PR150,YLTASALFR,TcCLB.506563.40:mRNA,unmodified,nan,0.9578,0.9968214754737884,,
139_PR150,YMACCLMYR,TCSYLVIO_008204-t26_1,modified,"2M_oxidation, 4C_carbamidomethylation, 5C_carbamidomethylation, 7M_oxidation",0.9914,0.939101467239201,,
139_PR150,YNPAEVR,TCSYLVIO_007656-t26_1,unmodified,nan,0.9415,,,
139_PR150,YNVLEVVSK,TcCLB.511139.20:mRNA,unmodified,nan,0.9873,,,
139_PR150,YSELVPTQDGYLWGLK,TCSYLVIO_010503-t26_1,unmodified,nan,0.9961,,,
139_PR150,ALVKDEVIPR,"TCSYLVIO_007656-t26_1, TcCLB.506743.4:mRNA",unmodified,nan,,1.0,103.82,11.259
139_PR150,DIVYADPQEGEEYAQVK,"TCSYLVIO_007656-t26_1, TcCLB.506743.4:mRNA",unmodified,nan,,0.9977482247382586,,11.47
139_PR150,DNLDMPPNAELAAQIK,"TcCLB.506925.120:mRNA, TcCLB.506925.130:mRNA",modified,5M_oxidation,,1.0,145.15,17.243
139_PR150,DNLDMPPNAELAAQIK,"TcCLB.506925.120:mRNA, TcCLB.506925.130:mRNA",unmodified,nan,,1.0,154.88,17.258
139_PR150,EVDEQMLNVQNK,TcCLB.506563.40:mRNA,unmodified,nan,,1.0,,14.188
139_PR150,FDLMYSK,TCSYLVIO_008204-t26_1,unmodified,nan,,0.9612561380337952,78.149,
139_PR150,GGYICINGRPCK,"TcCLB.506925.120:mRNA, TcCLB.506925.130:mRNA",modified,"5C_carbamidomethylation, 11C_carbamidomethylation",,1.0,,14.373
139_PR150,KVWIGQGDVVLVSK,"TCSYLVIO_007656-t26_1, TcCLB.506743.4:mRNA",unmodified,nan,,0.9968743263990236,,12.375
139_PR150,LADIGEGIQK,"TCSYLVIO_009880-t26_1, TcCLB.510351.90:mRNA",unmodified,nan,,0.9371219479060152,,
139_PR150,LELQLADGSK,"TCSYLVIO_007656-t26_1, TcCLB.506743.4:mRNA",unmodified,nan,,1.0,91.085,11.172
139_PR150,LNSSLSSSTNKPK,TCSYLVIO_009333-t26_1,unmodified,nan,,0.94821693548494,,
139_PR150,LQIWDTSGQDR,"TCSYLVIO_000514-t26_1, TcCLB.503689.10:mRNA",unmodified,nan,,0.93879565543328,,
139_PR150,LYAPLAGEAPTVTVR,"TCSYLVIO_008402-t26_1, TcCLB.507837.60:mRNA",unmodified,nan,,1.0,,11.501
139_PR150,MEDQAPTTHNVDVPFVK,"TcCLB.506925.120:mRNA, TcCLB.506925.130:mRNA",modified,1M_oxidation,,1.0,94.633,21.261
139_PR150,NDIVDVIHR,"TCSYLVIO_007656-t26_1, TcCLB.506743.4:mRNA",unmodified,nan,,0.995187015514321,118.07,10.354
139_PR150,TAFVIKYSFYK,"TCSYLVIO_003262-t26_1, TcCLB.506941.60:mRNA",unmodified,nan,,0.9629033216756336,,
139_PR150,TDPSKPAHLSLMDDEGETR,"TcCLB.506925.120:mRNA, TcCLB.506925.130:mRNA",modified,12M_oxidation,,0.9531137399093907,86.769,20.239
139_PR150,TDPSKPAHLSLMDDEGETR,"TcCLB.506925.120:mRNA, TcCLB.506925.130:mRNA",unmodified,nan,,1.0,77.473,19.366
139_PR150,TSTYSVLDIQEDR,"TcCLB.506925.120:mRNA, TcCLB.506925.130:mRNA",unmodified,nan,,1.0,175.25,16.431
139_PR150,VGEQFTAMFR,TcCLB.506563.40:mRNA,unmodified,nan,,1.0,,14.23
139_PR150,VHSVDLTLQHEK,"TcCLB.507837.50:mRNA, TcCLB.511139.20:mRNA",unmodified,nan,,0.97190036528274,53.47,10.352
139_PR150,VWIGQGDVVLVSK,"TCSYLVIO_007656-t26_1, TcCLB.506743.4:mRNA",unmodified,nan,,0.9602018923862932,,10.288
139_PR150,YMACCLMYR,TCSYLVIO_008204-t26_1,modified,"4C_carbamidomethylation, 5C_carbamidomethylation",,0.9644329833911686,,10.268
139_PR150,YNVLEVVSK,"TcCLB.507837.50:mRNA, TcCLB.511139.20:mRNA",unmodified,nan,,0.977540353951106,65.474,10.244
139_PR150,AVCMIANSTAIAEVFAR,TCSYLVIO_008204-t26_1,modified,4M_oxidation,,,44.608,
139_PR150,DVNAAVATIK,"TCSYLVIO_008204-t26_1, TCSYLVIO_008641-t26_1",unmodified,nan,,,91.085,
139_PR150,DYLHFIR,"TcCLB.507837.50:mRNA, TcCLB.511139.20:mRNA",unmodified,nan,,,49.669,
139_PR150,EDAANNYAR,"TCSYLVIO_008641-t26_1, TCSYLVIO_010193-t26_1",unmodified,nan,,,43.858,
139_PR150,EFQEAGK,TCSYLVIO_007279-t26_1,unmodified,nan,,,63.563,
139_PR150,EIVDLCLDR,"TCSYLVIO_008641-t26_1, TCSYLVIO_010193-t26_1",unmodified,nan,,,40.239,
139_PR150,EVDEQMLNVQNK,"TCSYLVIO_007352-t26_1, TcCLB.506563.40:mRNA",modified,6M_oxidation,,,70.332,
139_PR150,EVDEQMLNVQNK,"TCSYLVIO_007352-t26_1, TcCLB.506563.40:mRNA",unmodified,nan,,,121.35,
139_PR150,GAAGGCIYTSK,TcCLB.510911.10:mRNA,unmodified,nan,,,46.022,
139_PR150,GGYICINGR,"TcCLB.506925.120:mRNA, TcCLB.506925.130:mRNA",unmodified,nan,,,89.427,
139_PR150,GGYICINGRPCK,"TcCLB.506925.120:mRNA, TcCLB.506925.130:mRNA",unmodified,nan,,,89.401,
139_PR150,GHYTIGK,"TCSYLVIO_008641-t26_1, TCSYLVIO_010193-t26_1",unmodified,nan,,,53.576,
139_PR150,INVYFDEATGGR,"TCSYLVIO_009724-t26_1, TCSYLVIO_009795-t26_1, TcCLB.506563.40:mRNA",unmodified,nan,,,42.068,
139_PR150,KALGNLR,"TCSYLVIO_007656-t26_1, TcCLB.506743.4:mRNA",unmodified,nan,,,78.445,
139_PR150,KGGYICINGR,"TcCLB.506925.120:mRNA, TcCLB.506925.130:mRNA",unmodified,nan,,,82.529,
139_PR150,KIGLGFK,"TcCLB.507837.50:mRNA, TcCLB.511139.20:mRNA",unmodified,nan,,,24.674,
139_PR150,LAVNLVPFPR,"TCSYLVIO_007352-t26_1, TcCLB.506563.40:mRNA",unmodified,nan,,,36.127,
139_PR150,LREEYPDR,"TCSYLVIO_007352-t26_1, TCSYLVIO_009724-t26_1, TCSYLVIO_009795-t26_1, TCSYLVIO_010220-t26_1, TcCLB.506563.40:mRNA",unmodified,nan,,,55.503,
139_PR150,LVSSTSTLGAGAESLPVDVNPLSSDPNDPYR,TcCLB.504097.10:mRNA,unmodified,nan,,,4.8214e-05,
139_PR150,MEDQAPTTHNVDVPFVK,"TcCLB.506925.120:mRNA, TcCLB.506925.130:mRNA",unmodified,nan,,,105.83,22.258
139_PR150,PAHLSLMDDEGETR,"TcCLB.506925.120:mRNA, TcCLB.506925.130:mRNA",unmodified,nan,,,56.177,13.268
139_PR150,SLTVTIR,"TCSYLVIO_008402-t26_1, TcCLB.507837.60:mRNA",unmodified,nan,,,89.427,
139_PR150,SSICDIPPK,"TCSYLVIO_007352-t26_1, TcCLB.506563.40:mRNA",unmodified,nan,,,72.968,
139_PR150,STHGDVLSCK,TcCLB.511001.120:mRNA,unmodified,nan,,,53.317,
139_PR150,STMTTSQSTNSARR,TcCLB.511127.320:mRNA,unmodified,nan,,,24.882,
139_PR150,TIQFVDWSPTGFK,"TCSYLVIO_008204-t26_1, TCSYLVIO_008641-t26_1",unmodified,nan,,,36.955,
139_PR150,VEVSFQK,"TCSYLVIO_008402-t26_1, TcCLB.507837.60:mRNA",unmodified,nan,,,48.346,
139_PR150,VGEQFTAMFR,"TCSYLVIO_007352-t26_1, TcCLB.506563.40:mRNA",modified,8M_oxidation,,,61.602,
139_PR150,VGEQFTAMFR,"TCSYLVIO_007352-t26_1, TcCLB.506563.40:mRNA",unmodified,nan,,,124.95,
139_PR150,VIDLSVSK,"TcCLB.506925.120:mRNA, TcCLB.506925.130:mRNA",unmodified,nan,,,118.89,
139_PR150,VSIVATDIFTGNK,"TcCLB.506925.120:mRNA, TcCLB.506925.130:mRNA",unmodified,nan,,,168.29,17.336
139_PR150,YLTASALFR,"TCSYLVIO_007352-t26_1, TcCLB.506563.40:mRNA",unmodified,nan,,,123.45,
139_PR150,YMACCLMYR,"TCSYLVIO_008204-t26_1, TCSYLVIO_008641-t26_1",modified,"2M_oxidation, 7M_oxidation",,,54.774,
139_PR150,YMACCLMYR,"TCSYLVIO_008204-t26_1, TCSYLVIO_008641-t26_1",unmodified,nan,,,52.268,
139_PR150,YNPAEVR,"TCSYLVIO_007656-t26_1, TcCLB.506743.4:mRNA",unmodified,nan,,,109.63,
139_PR150,KGGYICINGR,"TcCLB.506925.120:mRNA, TcCLB.506925.130:mRNA",modified,6C_carbamidomethylation,,,,13.363
