Peptide	Prev AA	Next AA	Peptide Length	Protein Start	Protein End	Charges	Probability	Spectral Count	Intensity	Assigned Modifications	Observed Modifications	Protein	Protein ID	Entry Name	Gene	Protein Description	Mapped Genes	Mapped Proteins
AAAAAADGAEEEDEAPR	K	E	17	235	251	2	1.0000	1	0.000000			TcCLB.510163.20:mRNA-p1	TcCLB.510163.20:mRNA-p1 | TcCLB.510163.20:mRNA-p1	TcCLB.510163.20:mRNA-p1 | TcCLB.510163.20:mRNA-p1		TcCLB.510163.20:mRNA-p1 | TcCLB.510163.20:mRNA-p1		
ACTPDLTEGQDLLANYK	K	L	17	392	408	2, 3	1.0000	33	0.000000	2C(57.0214)	Thiazolidine(12.000000), Thiazolidine(12.000000)	TCSYLVIO_004831-t26_1-p1	TCSYLVIO_004831-t26_1-p1 | TCSYLVIO_004831-t26_1-p1	TCSYLVIO_004831-t26_1-p1 | TCSYLVIO_004831-t26_1-p1		TCSYLVIO_004831-t26_1-p1 | TCSYLVIO_004831-t26_1-p1		
ACTPELTEGQDLLANYK	K	L	17	392	408	3	0.9972	3	0.000000	2C(57.0214)		TcCLB.503419.30:mRNA-p1	TcCLB.503419.30:mRNA-p1 | TcCLB.503419.30:mRNA-p1	TcCLB.503419.30:mRNA-p1 | TcCLB.503419.30:mRNA-p1		TcCLB.503419.30:mRNA-p1 | TcCLB.503419.30:mRNA-p1		
ADMDALPLQEESGEPFSSK	R	R	19	78	96	2	0.9727	1	0.000000			TCSYLVIO_008414-t26_1-p1	TCSYLVIO_008414-t26_1-p1 | TCSYLVIO_008414-t26_1-p1	TCSYLVIO_008414-t26_1-p1 | TCSYLVIO_008414-t26_1-p1		TCSYLVIO_008414-t26_1-p1 | TCSYLVIO_008414-t26_1-p1		TCSYLVIO_008413-t26_1-p1, TcCLB.506363.70:mRNA-p1, TcCLB.506363.80:mRNA-p1, TcCLB.506363.90:mRNA-p1
AGCLHSPHR	K	T	9	92	100	2	0.9967	1	0.000000	3C(57.0214)		TCSYLVIO_005096-t26_1-p1	TCSYLVIO_005096-t26_1-p1 | TCSYLVIO_005096-t26_1-p1	TCSYLVIO_005096-t26_1-p1 | TCSYLVIO_005096-t26_1-p1		TCSYLVIO_005096-t26_1-p1 | TCSYLVIO_005096-t26_1-p1		
AGSFNEALR	K	M	9	173	181	2	0.9905	1	0.000000			TCSYLVIO_004545-t26_1-p1	TCSYLVIO_004545-t26_1-p1 | TCSYLVIO_004545-t26_1-p1	TCSYLVIO_004545-t26_1-p1 | TCSYLVIO_004545-t26_1-p1		TCSYLVIO_004545-t26_1-p1 | TCSYLVIO_004545-t26_1-p1		
ALEAWLETR	R	T	9	139	147	2	0.9825	2	0.000000			TcCLB.510163.20:mRNA-p1	TcCLB.510163.20:mRNA-p1 | TcCLB.510163.20:mRNA-p1	TcCLB.510163.20:mRNA-p1 | TcCLB.510163.20:mRNA-p1		TcCLB.510163.20:mRNA-p1 | TcCLB.510163.20:mRNA-p1		TCSYLVIO_006565-t26_1-p1
APVLSVTTFHGGTGSYNVIPDTAHLR	K	G	26	233	258	3	0.9977	1	0.000000			TCSYLVIO_008414-t26_1-p1	TCSYLVIO_008414-t26_1-p1 | TCSYLVIO_008414-t26_1-p1	TCSYLVIO_008414-t26_1-p1 | TCSYLVIO_008414-t26_1-p1		TCSYLVIO_008414-t26_1-p1 | TCSYLVIO_008414-t26_1-p1		TCSYLVIO_008413-t26_1-p1, TcCLB.506363.70:mRNA-p1, TcCLB.506363.90:mRNA-p1
AQVVGDDLTVTNVSR	K	L	15	313	327	2	1.0000	2	0.000000			TCSYLVIO_004545-t26_1-p1	TCSYLVIO_004545-t26_1-p1 | TCSYLVIO_004545-t26_1-p1	TCSYLVIO_004545-t26_1-p1 | TCSYLVIO_004545-t26_1-p1		TCSYLVIO_004545-t26_1-p1 | TCSYLVIO_004545-t26_1-p1		
ASFTVSLPR	K	E	9	110	118	2	0.9930	4	0.000000			TCSYLVIO_009191-t26_1-p1	TCSYLVIO_009191-t26_1-p1 | TCSYLVIO_009191-t26_1-p1	TCSYLVIO_009191-t26_1-p1 | TCSYLVIO_009191-t26_1-p1		TCSYLVIO_009191-t26_1-p1 | TCSYLVIO_009191-t26_1-p1		
ASGEYQIYR	R	N	9	31	39	2	0.9991	1	0.000000			TcCLB.508811.40:mRNA-p1	TcCLB.508811.40:mRNA-p1 | TcCLB.508811.40:mRNA-p1	TcCLB.508811.40:mRNA-p1 | TcCLB.508811.40:mRNA-p1		TcCLB.508811.40:mRNA-p1 | TcCLB.508811.40:mRNA-p1		
AYFGLLR	K	D	7	108	114	2	0.8681	2	0.000000			TCSYLVIO_004831-t26_1-p1	TCSYLVIO_004831-t26_1-p1 | TCSYLVIO_004831-t26_1-p1	TCSYLVIO_004831-t26_1-p1 | TCSYLVIO_004831-t26_1-p1		TCSYLVIO_004831-t26_1-p1 | TCSYLVIO_004831-t26_1-p1		
CMIESDLISR	K	Y	10	63	72	2	1.0000	56	0.000000	1C(57.0214), 2M(15.9949)	Cation:Na(21.981900), Dioxidation(31.989800)	TcCLB.503419.30:mRNA-p1	TcCLB.503419.30:mRNA-p1 | TcCLB.503419.30:mRNA-p1	TcCLB.503419.30:mRNA-p1 | TcCLB.503419.30:mRNA-p1		TcCLB.503419.30:mRNA-p1 | TcCLB.503419.30:mRNA-p1		
DEASCSVYTEHSSK	R	F	14	356	369	2, 3	1.0000	2	0.000000	5C(57.0214)		TCSYLVIO_008414-t26_1-p1	TCSYLVIO_008414-t26_1-p1 | TCSYLVIO_008414-t26_1-p1	TCSYLVIO_008414-t26_1-p1 | TCSYLVIO_008414-t26_1-p1		TCSYLVIO_008414-t26_1-p1 | TCSYLVIO_008414-t26_1-p1		
DPFNEEK	R	R	7	115	121	2	0.8825	3	0.000000		Dimethyl(28.031300)	TCSYLVIO_004831-t26_1-p1	TCSYLVIO_004831-t26_1-p1 | TCSYLVIO_004831-t26_1-p1	TCSYLVIO_004831-t26_1-p1 | TCSYLVIO_004831-t26_1-p1		TCSYLVIO_004831-t26_1-p1 | TCSYLVIO_004831-t26_1-p1		TcCLB.503419.30:mRNA-p1
DPFNEEKR	R	K	8	115	122	2, 3	0.9875	2	0.000000			TCSYLVIO_004831-t26_1-p1	TCSYLVIO_004831-t26_1-p1 | TCSYLVIO_004831-t26_1-p1	TCSYLVIO_004831-t26_1-p1 | TCSYLVIO_004831-t26_1-p1		TCSYLVIO_004831-t26_1-p1 | TCSYLVIO_004831-t26_1-p1		TcCLB.503419.30:mRNA-p1
DVNAAVATIK	K	T	10	360	369	2	0.9829	1	0.000000			TCSYLVIO_008641-t26_1-p1	TCSYLVIO_008641-t26_1-p1 | TCSYLVIO_008641-t26_1-p1	TCSYLVIO_008641-t26_1-p1 | TCSYLVIO_008641-t26_1-p1		TCSYLVIO_008641-t26_1-p1 | TCSYLVIO_008641-t26_1-p1		TCSYLVIO_008204-t26_1-p1
EAVAQYWGK	R	K	9	83	91	2	0.9224	1	0.000000			TCSYLVIO_005015-t26_1-p1	TCSYLVIO_005015-t26_1-p1 | TCSYLVIO_005015-t26_1-p1	TCSYLVIO_005015-t26_1-p1 | TCSYLVIO_005015-t26_1-p1		TCSYLVIO_005015-t26_1-p1 | TCSYLVIO_005015-t26_1-p1		
EDAANNYAR	K	G	9	130	138	2	0.9659	1	0.000000			TCSYLVIO_008641-t26_1-p1	TCSYLVIO_008641-t26_1-p1 | TCSYLVIO_008641-t26_1-p1	TCSYLVIO_008641-t26_1-p1 | TCSYLVIO_008641-t26_1-p1		TCSYLVIO_008641-t26_1-p1 | TCSYLVIO_008641-t26_1-p1		TCSYLVIO_010193-t26_1-p1
EEFDWAAGELEK	K	L	12	347	358	2, 3	1.0000	41	0.000000		Oxidation(15.994900), Oxidation(15.994900), Trioxidation(47.984700)	TCSYLVIO_004831-t26_1-p1	TCSYLVIO_004831-t26_1-p1 | TCSYLVIO_004831-t26_1-p1	TCSYLVIO_004831-t26_1-p1 | TCSYLVIO_004831-t26_1-p1		TCSYLVIO_004831-t26_1-p1 | TCSYLVIO_004831-t26_1-p1		TcCLB.503419.30:mRNA-p1
EIVDLCLDR	K	L	9	146	154	2	0.9711	1	0.000000	6C(57.0214)		TCSYLVIO_008641-t26_1-p1	TCSYLVIO_008641-t26_1-p1 | TCSYLVIO_008641-t26_1-p1	TCSYLVIO_008641-t26_1-p1 | TCSYLVIO_008641-t26_1-p1		TCSYLVIO_008641-t26_1-p1 | TCSYLVIO_008641-t26_1-p1		TCSYLVIO_010193-t26_1-p1
ENETAEYCR	R	N	9	40	48	2	0.9707	1	0.000000	8C(57.0214)		TcCLB.510163.20:mRNA-p1	TcCLB.510163.20:mRNA-p1 | TcCLB.510163.20:mRNA-p1	TcCLB.510163.20:mRNA-p1 | TcCLB.510163.20:mRNA-p1		TcCLB.510163.20:mRNA-p1 | TcCLB.510163.20:mRNA-p1		TCSYLVIO_006565-t26_1-p1, TcCLB.506599.10:mRNA-p1, TcCLB.506603.50:mRNA-p1
EQPLFGVEDFSEYVAK	K	T	16	329	344	2	0.9977	1	0.000000			TCSYLVIO_008414-t26_1-p1	TCSYLVIO_008414-t26_1-p1 | TCSYLVIO_008414-t26_1-p1	TCSYLVIO_008414-t26_1-p1 | TCSYLVIO_008414-t26_1-p1		TCSYLVIO_008414-t26_1-p1 | TCSYLVIO_008414-t26_1-p1		
ETISKPEEYIIGFK	K	S	14	199	212	3	0.9644	2	0.000000			TcCLB.503419.30:mRNA-p1	TcCLB.503419.30:mRNA-p1 | TcCLB.503419.30:mRNA-p1	TcCLB.503419.30:mRNA-p1 | TcCLB.503419.30:mRNA-p1		TcCLB.503419.30:mRNA-p1 | TcCLB.503419.30:mRNA-p1		
ETVLKPEEYIIGFK	K	R	14	199	212	2, 3	1.0000	37	0.000000		Dimethyl(28.031300)	TCSYLVIO_004831-t26_1-p1	TCSYLVIO_004831-t26_1-p1 | TCSYLVIO_004831-t26_1-p1	TCSYLVIO_004831-t26_1-p1 | TCSYLVIO_004831-t26_1-p1		TCSYLVIO_004831-t26_1-p1 | TCSYLVIO_004831-t26_1-p1		
ETVPTLQVDGK	R	K	11	51	61	2	1.0000	16	0.000000		Cation:Na(21.981900), SMA(127.063300)	TCSYLVIO_004831-t26_1-p1	TCSYLVIO_004831-t26_1-p1 | TCSYLVIO_004831-t26_1-p1	TCSYLVIO_004831-t26_1-p1 | TCSYLVIO_004831-t26_1-p1		TCSYLVIO_004831-t26_1-p1 | TCSYLVIO_004831-t26_1-p1		TcCLB.503419.30:mRNA-p1
ETVPTLQVDGKK	R	C	12	51	62	2, 3	1.0000	7	0.000000			TCSYLVIO_004831-t26_1-p1	TCSYLVIO_004831-t26_1-p1 | TCSYLVIO_004831-t26_1-p1	TCSYLVIO_004831-t26_1-p1 | TCSYLVIO_004831-t26_1-p1		TCSYLVIO_004831-t26_1-p1 | TCSYLVIO_004831-t26_1-p1		TcCLB.503419.30:mRNA-p1
FAICMDSAASETYDENKK	R	Q	18	238	255	3	1.0000	1	0.000000	4C(57.0214)		TCSYLVIO_004545-t26_1-p1	TCSYLVIO_004545-t26_1-p1 | TCSYLVIO_004545-t26_1-p1	TCSYLVIO_004545-t26_1-p1 | TCSYLVIO_004545-t26_1-p1		TCSYLVIO_004545-t26_1-p1 | TCSYLVIO_004545-t26_1-p1		
FAPQQAAHCK	K	G	10	93	102	2	0.9999	1	0.000000	9C(57.0214)		TCSYLVIO_005015-t26_1-p1	TCSYLVIO_005015-t26_1-p1 | TCSYLVIO_005015-t26_1-p1	TCSYLVIO_005015-t26_1-p1 | TCSYLVIO_005015-t26_1-p1		TCSYLVIO_005015-t26_1-p1 | TCSYLVIO_005015-t26_1-p1		
FIFQHAEEVIPSGAK	R	Q	15	133	147	2, 3	1.0000	2	0.000000			TCSYLVIO_008414-t26_1-p1	TCSYLVIO_008414-t26_1-p1 | TCSYLVIO_008414-t26_1-p1	TCSYLVIO_008414-t26_1-p1 | TCSYLVIO_008414-t26_1-p1		TCSYLVIO_008414-t26_1-p1 | TCSYLVIO_008414-t26_1-p1		TCSYLVIO_008413-t26_1-p1, TcCLB.506363.70:mRNA-p1, TcCLB.506363.90:mRNA-p1
FLVGTSCFSGDNK	R	L	13	32	44	2	0.9921	1	0.000000	7C(57.0214)		TCSYLVIO_002423-t26_1-p1	TCSYLVIO_002423-t26_1-p1 | TCSYLVIO_002423-t26_1-p1	TCSYLVIO_002423-t26_1-p1 | TCSYLVIO_002423-t26_1-p1		TCSYLVIO_002423-t26_1-p1 | TCSYLVIO_002423-t26_1-p1		TcCLB.506739.209:mRNA-p1
FNNLTVVVR	R	E	9	3925	3933	2	0.9984	1	0.000000			TCSYLVIO_009993-t26_1-p1	TCSYLVIO_009993-t26_1-p1 | TCSYLVIO_009993-t26_1-p1	TCSYLVIO_009993-t26_1-p1 | TCSYLVIO_009993-t26_1-p1		TCSYLVIO_009993-t26_1-p1 | TCSYLVIO_009993-t26_1-p1		
GCLNAVK	K	N	7	61	67	2	0.8682	1	0.000000	2C(57.0214)		TCSYLVIO_004545-t26_1-p1	TCSYLVIO_004545-t26_1-p1 | TCSYLVIO_004545-t26_1-p1	TCSYLVIO_004545-t26_1-p1 | TCSYLVIO_004545-t26_1-p1		TCSYLVIO_004545-t26_1-p1 | TCSYLVIO_004545-t26_1-p1		
GEPLPANAMDR	R	V	11	122	132	2	0.8672	1	0.000000			TcCLB.510163.20:mRNA-p1	TcCLB.510163.20:mRNA-p1 | TcCLB.510163.20:mRNA-p1	TcCLB.510163.20:mRNA-p1 | TcCLB.510163.20:mRNA-p1		TcCLB.510163.20:mRNA-p1 | TcCLB.510163.20:mRNA-p1		TCSYLVIO_006565-t26_1-p1
GFYTVIPR	K	K	8	3983	3990	2	0.9474	1	0.000000			TCSYLVIO_009791-t26_1-p1	TCSYLVIO_009791-t26_1-p1 | TCSYLVIO_009791-t26_1-p1	TCSYLVIO_009791-t26_1-p1 | TCSYLVIO_009791-t26_1-p1		TCSYLVIO_009791-t26_1-p1 | TCSYLVIO_009791-t26_1-p1		
GGAGEGPIYALR	R	A	12	66	77	2	1.0000	1	0.000000			TCSYLVIO_008414-t26_1-p1	TCSYLVIO_008414-t26_1-p1 | TCSYLVIO_008414-t26_1-p1	TCSYLVIO_008414-t26_1-p1 | TCSYLVIO_008414-t26_1-p1		TCSYLVIO_008414-t26_1-p1 | TCSYLVIO_008414-t26_1-p1		TCSYLVIO_008413-t26_1-p1, TcCLB.506363.70:mRNA-p1, TcCLB.506363.80:mRNA-p1, TcCLB.506363.90:mRNA-p1
GGEVVQLSVAYDGCGFFLHEAPR	R	W	23	34	56	3	0.9997	1	0.000000	14C(57.0214)		TCSYLVIO_006198-t26_1-p1	TCSYLVIO_006198-t26_1-p1 | TCSYLVIO_006198-t26_1-p1	TCSYLVIO_006198-t26_1-p1 | TCSYLVIO_006198-t26_1-p1		TCSYLVIO_006198-t26_1-p1 | TCSYLVIO_006198-t26_1-p1		
GGHEEELDIR	K	N	10	49	58	2, 3	0.9912	3	0.000000			TCSYLVIO_008438-t26_1-p1	TCSYLVIO_008438-t26_1-p1 | TCSYLVIO_008438-t26_1-p1	TCSYLVIO_008438-t26_1-p1 | TCSYLVIO_008438-t26_1-p1		TCSYLVIO_008438-t26_1-p1 | TCSYLVIO_008438-t26_1-p1		TcCLB.506969.3:mRNA-p1
GHYTEGAELIDSVLDVCR	K	K	18	104	121	3	1.0000	1	0.000000	17C(57.0214)		TcCLB.506563.40:mRNA-p1	TcCLB.506563.40:mRNA-p1 | TcCLB.506563.40:mRNA-p1	TcCLB.506563.40:mRNA-p1 | TcCLB.506563.40:mRNA-p1		TcCLB.506563.40:mRNA-p1 | TcCLB.506563.40:mRNA-p1		TCSYLVIO_009724-t26_1-p1, TCSYLVIO_009795-t26_1-p1
GHYTIGK	R	E	7	139	145	2	0.9722	1	0.000000			TCSYLVIO_008641-t26_1-p1	TCSYLVIO_008641-t26_1-p1 | TCSYLVIO_008641-t26_1-p1	TCSYLVIO_008641-t26_1-p1 | TCSYLVIO_008641-t26_1-p1		TCSYLVIO_008641-t26_1-p1 | TCSYLVIO_008641-t26_1-p1		TCSYLVIO_010193-t26_1-p1
GLTTCVAR	K	V	8	453	460	2	0.9707	1	0.000000	5C(57.0214)		TCSYLVIO_001046-t26_1-p1	TCSYLVIO_001046-t26_1-p1 | TCSYLVIO_001046-t26_1-p1	TCSYLVIO_001046-t26_1-p1 | TCSYLVIO_001046-t26_1-p1		TCSYLVIO_001046-t26_1-p1 | TCSYLVIO_001046-t26_1-p1		TcCLB.510257.80:mRNA-p1
GSFLREDLLVLHLFPK	R	A	16	302	317	3	0.9957	1	0.000000			TCSYLVIO_005725-t26_1-p1	TCSYLVIO_005725-t26_1-p1 | TCSYLVIO_005725-t26_1-p1	TCSYLVIO_005725-t26_1-p1 | TCSYLVIO_005725-t26_1-p1		TCSYLVIO_005725-t26_1-p1 | TCSYLVIO_005725-t26_1-p1		
HAGNALPFQEFMIAPVK	K	A	17	156	172	3	1.0000	2	0.000000	12M(15.9949)		TCSYLVIO_004545-t26_1-p1	TCSYLVIO_004545-t26_1-p1 | TCSYLVIO_004545-t26_1-p1	TCSYLVIO_004545-t26_1-p1 | TCSYLVIO_004545-t26_1-p1		TCSYLVIO_004545-t26_1-p1 | TCSYLVIO_004545-t26_1-p1		
HANGMPSAR	R	L	9	252	260	2	0.9914	1	0.000000	5M(15.9949)		TcCLB.511627.159:mRNA-p1	TcCLB.511627.159:mRNA-p1 | TcCLB.511627.159:mRNA-p1	TcCLB.511627.159:mRNA-p1 | TcCLB.511627.159:mRNA-p1		TcCLB.511627.159:mRNA-p1 | TcCLB.511627.159:mRNA-p1		
HDGVGSVYVDGTLLWNMR	M	L	18	2	19	3	0.9997	1	0.000000			TCSYLVIO_010176-t26_1-p1	TCSYLVIO_010176-t26_1-p1 | TCSYLVIO_010176-t26_1-p1	TCSYLVIO_010176-t26_1-p1 | TCSYLVIO_010176-t26_1-p1		TCSYLVIO_010176-t26_1-p1 | TCSYLVIO_010176-t26_1-p1		TCSYLVIO_001058-t26_1-p1
HDGVGSVYVDGTLLWNMRLR	M	N	20	2	21	3	0.9977	1	0.000000	17M(15.9949)		TCSYLVIO_010176-t26_1-p1	TCSYLVIO_010176-t26_1-p1 | TCSYLVIO_010176-t26_1-p1	TCSYLVIO_010176-t26_1-p1 | TCSYLVIO_010176-t26_1-p1		TCSYLVIO_010176-t26_1-p1 | TCSYLVIO_010176-t26_1-p1		TCSYLVIO_001058-t26_1-p1
HRVEFFLSEIGDLIK	R	A	15	93	107	3	1.0000	7	0.000000			TCSYLVIO_004831-t26_1-p1	TCSYLVIO_004831-t26_1-p1 | TCSYLVIO_004831-t26_1-p1	TCSYLVIO_004831-t26_1-p1 | TCSYLVIO_004831-t26_1-p1		TCSYLVIO_004831-t26_1-p1 | TCSYLVIO_004831-t26_1-p1		
IDLPEYPSCEELR	K	R	13	4100	4112	2	0.9864	1	0.000000	9C(57.0214)		TCSYLVIO_009791-t26_1-p1	TCSYLVIO_009791-t26_1-p1 | TCSYLVIO_009791-t26_1-p1	TCSYLVIO_009791-t26_1-p1 | TCSYLVIO_009791-t26_1-p1		TCSYLVIO_009791-t26_1-p1 | TCSYLVIO_009791-t26_1-p1		
IEEELGAHAK	R	F	10	413	422	2, 3	0.9983	2	0.000000			TCSYLVIO_004545-t26_1-p1	TCSYLVIO_004545-t26_1-p1 | TCSYLVIO_004545-t26_1-p1	TCSYLVIO_004545-t26_1-p1 | TCSYLVIO_004545-t26_1-p1		TCSYLVIO_004545-t26_1-p1 | TCSYLVIO_004545-t26_1-p1		
IHDFCER	R	H	7	401	407	2	0.9726	1	0.000000	5C(57.0214)		TCSYLVIO_005015-t26_1-p1	TCSYLVIO_005015-t26_1-p1 | TCSYLVIO_005015-t26_1-p1	TCSYLVIO_005015-t26_1-p1 | TCSYLVIO_005015-t26_1-p1		TCSYLVIO_005015-t26_1-p1 | TCSYLVIO_005015-t26_1-p1		
INITKPPPK	R	G	9	227	235	2	0.9951	1	0.000000			TCSYLVIO_004601-t26_1-p1	TCSYLVIO_004601-t26_1-p1 | TCSYLVIO_004601-t26_1-p1	TCSYLVIO_004601-t26_1-p1 | TCSYLVIO_004601-t26_1-p1		TCSYLVIO_004601-t26_1-p1 | TCSYLVIO_004601-t26_1-p1		
INQIGTITEAIEASK	K	F	15	344	358	2	1.0000	2	0.000000			TCSYLVIO_004545-t26_1-p1	TCSYLVIO_004545-t26_1-p1 | TCSYLVIO_004545-t26_1-p1	TCSYLVIO_004545-t26_1-p1 | TCSYLVIO_004545-t26_1-p1		TCSYLVIO_004545-t26_1-p1 | TCSYLVIO_004545-t26_1-p1		
INVYFDEATGGR	R	Y	12	47	58	2	0.9919	1	0.000000			TcCLB.506563.40:mRNA-p1	TcCLB.506563.40:mRNA-p1 | TcCLB.506563.40:mRNA-p1	TcCLB.506563.40:mRNA-p1 | TcCLB.506563.40:mRNA-p1		TcCLB.506563.40:mRNA-p1 | TcCLB.506563.40:mRNA-p1		TCSYLVIO_009724-t26_1-p1, TCSYLVIO_009795-t26_1-p1
ISEHDLIK	R	R	8	974	981	2	0.9990	1	0.000000			TCSYLVIO_004272-t26_1-p1	TCSYLVIO_004272-t26_1-p1 | TCSYLVIO_004272-t26_1-p1	TCSYLVIO_004272-t26_1-p1 | TCSYLVIO_004272-t26_1-p1		TCSYLVIO_004272-t26_1-p1 | TCSYLVIO_004272-t26_1-p1		
ISSPANALIGSSPYQR	R	H	16	77	92	2, 3	1.0000	38	0.000000		BHT(218.167000), Carbamidomethyl(57.021400), Delta:H(2)C(2)(26.015600)	TCSYLVIO_004831-t26_1-p1	TCSYLVIO_004831-t26_1-p1 | TCSYLVIO_004831-t26_1-p1	TCSYLVIO_004831-t26_1-p1 | TCSYLVIO_004831-t26_1-p1		TCSYLVIO_004831-t26_1-p1 | TCSYLVIO_004831-t26_1-p1		
ISSPANALMGSSPYQR	R	H	16	77	92	3	0.9993	2	0.000000	9M(15.9949)		TcCLB.503419.30:mRNA-p1	TcCLB.503419.30:mRNA-p1 | TcCLB.503419.30:mRNA-p1	TcCLB.503419.30:mRNA-p1 | TcCLB.503419.30:mRNA-p1		TcCLB.503419.30:mRNA-p1 | TcCLB.503419.30:mRNA-p1		
KCMIESDLISR	K	Y	11	62	72	2, 3	1.0000	20	0.000000	2C(57.0214), 3M(15.9949)	Dimethyl(28.031300)	TcCLB.503419.30:mRNA-p1	TcCLB.503419.30:mRNA-p1 | TcCLB.503419.30:mRNA-p1	TcCLB.503419.30:mRNA-p1 | TcCLB.503419.30:mRNA-p1		TcCLB.503419.30:mRNA-p1 | TcCLB.503419.30:mRNA-p1		
KEENEEK	K	L	7	401	407	2	0.9723	1	0.000000			TCSYLVIO_004669-t26_1-p1	TCSYLVIO_004669-t26_1-p1 | TCSYLVIO_004669-t26_1-p1	TCSYLVIO_004669-t26_1-p1 | TCSYLVIO_004669-t26_1-p1		TCSYLVIO_004669-t26_1-p1 | TCSYLVIO_004669-t26_1-p1		TcCLB.508723.30:mRNA-p1
KETDAEAGDK	K	V	10	298	307	3	0.9996	1	0.000000			TCSYLVIO_006242-t26_1-p1	TCSYLVIO_006242-t26_1-p1 | TCSYLVIO_006242-t26_1-p1	TCSYLVIO_006242-t26_1-p1 | TCSYLVIO_006242-t26_1-p1		TCSYLVIO_006242-t26_1-p1 | TCSYLVIO_006242-t26_1-p1		
KGVPLYR	R	Y	7	124	130	2	0.9977	1	0.000000			TCSYLVIO_004545-t26_1-p1	TCSYLVIO_004545-t26_1-p1 | TCSYLVIO_004545-t26_1-p1	TCSYLVIO_004545-t26_1-p1 | TCSYLVIO_004545-t26_1-p1		TCSYLVIO_004545-t26_1-p1 | TCSYLVIO_004545-t26_1-p1		
KIVDEVAAR	K	L	9	392	400	2	0.9724	1	0.000000			TCSYLVIO_005015-t26_1-p1	TCSYLVIO_005015-t26_1-p1 | TCSYLVIO_005015-t26_1-p1	TCSYLVIO_005015-t26_1-p1 | TCSYLVIO_005015-t26_1-p1		TCSYLVIO_005015-t26_1-p1 | TCSYLVIO_005015-t26_1-p1		
KLLEAEITR	R	F	9	209	217	2	0.9969	1	0.000000			TCSYLVIO_000402-t26_1-p1	TCSYLVIO_000402-t26_1-p1 | TCSYLVIO_000402-t26_1-p1	TCSYLVIO_000402-t26_1-p1 | TCSYLVIO_000402-t26_1-p1		TCSYLVIO_000402-t26_1-p1 | TCSYLVIO_000402-t26_1-p1		TcCLB.511109.20:mRNA-p1
KMYVTSMQR	K	T	9	186	194	2, 3	0.9980	6	0.000000	2M(15.9949), 7M(15.9949)		TCSYLVIO_004831-t26_1-p1	TCSYLVIO_004831-t26_1-p1 | TCSYLVIO_004831-t26_1-p1	TCSYLVIO_004831-t26_1-p1 | TCSYLVIO_004831-t26_1-p1		TCSYLVIO_004831-t26_1-p1 | TCSYLVIO_004831-t26_1-p1		TcCLB.503419.30:mRNA-p1
KNGAGAPILPK	R	Q	11	313	323	2	0.9985	2	0.000000		GlycerylPE(197.045300)	TCSYLVIO_001451-t26_1-p1	TCSYLVIO_001451-t26_1-p1 | TCSYLVIO_001451-t26_1-p1	TCSYLVIO_001451-t26_1-p1 | TCSYLVIO_001451-t26_1-p1		TCSYLVIO_001451-t26_1-p1 | TCSYLVIO_001451-t26_1-p1		TcCLB.508515.100:mRNA-p1
KVFFSLSEYSSIYK	K	T	14	425	438	2, 3	1.0000	2	0.000000			TCSYLVIO_004831-t26_1-p1	TCSYLVIO_004831-t26_1-p1 | TCSYLVIO_004831-t26_1-p1	TCSYLVIO_004831-t26_1-p1 | TCSYLVIO_004831-t26_1-p1		TCSYLVIO_004831-t26_1-p1 | TCSYLVIO_004831-t26_1-p1		
KVPTSHVTWSLAPGYVLFVNK	R	Y	21	214	234	3	1.0000	3	0.000000			TCSYLVIO_004831-t26_1-p1	TCSYLVIO_004831-t26_1-p1 | TCSYLVIO_004831-t26_1-p1	TCSYLVIO_004831-t26_1-p1 | TCSYLVIO_004831-t26_1-p1		TCSYLVIO_004831-t26_1-p1 | TCSYLVIO_004831-t26_1-p1		
LAVNLVPFPR	K	L	10	253	262	2	0.9983	1	0.000000			TcCLB.506563.40:mRNA-p1	TcCLB.506563.40:mRNA-p1 | TcCLB.506563.40:mRNA-p1	TcCLB.506563.40:mRNA-p1 | TcCLB.506563.40:mRNA-p1		TcCLB.506563.40:mRNA-p1 | TcCLB.506563.40:mRNA-p1		TCSYLVIO_007352-t26_1-p1
LEEVEVSLGDDMPQWYK	K	E	17	29	45	2, 3	1.0000	11	0.000000	12M(15.9949)		TCSYLVIO_004831-t26_1-p1	TCSYLVIO_004831-t26_1-p1 | TCSYLVIO_004831-t26_1-p1	TCSYLVIO_004831-t26_1-p1 | TCSYLVIO_004831-t26_1-p1		TCSYLVIO_004831-t26_1-p1 | TCSYLVIO_004831-t26_1-p1		
LGANAILGCSMAISK	K	A	15	104	118	2	0.9713	1	0.000000	11M(15.9949), 9C(57.0214)		TCSYLVIO_004545-t26_1-p1	TCSYLVIO_004545-t26_1-p1 | TCSYLVIO_004545-t26_1-p1	TCSYLVIO_004545-t26_1-p1 | TCSYLVIO_004545-t26_1-p1		TCSYLVIO_004545-t26_1-p1 | TCSYLVIO_004545-t26_1-p1		
LLHFEAPR	R	M	8	456	463	2	1.0000	7	0.000000			TCSYLVIO_000085-t26_1-p1	TCSYLVIO_000085-t26_1-p1 | TCSYLVIO_000085-t26_1-p1	TCSYLVIO_000085-t26_1-p1 | TCSYLVIO_000085-t26_1-p1		TCSYLVIO_000085-t26_1-p1 | TCSYLVIO_000085-t26_1-p1		
LLTAAAEAGLTSEAGK	K	K	16	409	424	2, 3	1.0000	26	0.000000		Cation:Na(21.981900), Dimethyl(28.031300), Dimethyl(28.031300)	TCSYLVIO_004831-t26_1-p1	TCSYLVIO_004831-t26_1-p1 | TCSYLVIO_004831-t26_1-p1	TCSYLVIO_004831-t26_1-p1 | TCSYLVIO_004831-t26_1-p1		TCSYLVIO_004831-t26_1-p1 | TCSYLVIO_004831-t26_1-p1		
LLTAAAEAGLTSEAGKK	K	V	17	409	425	2, 3	1.0000	27	0.000000		Arg(156.101100)	TCSYLVIO_004831-t26_1-p1	TCSYLVIO_004831-t26_1-p1 | TCSYLVIO_004831-t26_1-p1	TCSYLVIO_004831-t26_1-p1 | TCSYLVIO_004831-t26_1-p1		TCSYLVIO_004831-t26_1-p1 | TCSYLVIO_004831-t26_1-p1		
LNGAEGEALTK	R	K	11	172	182	2	0.9822	2	0.000000			TcCLB.510163.20:mRNA-p1	TcCLB.510163.20:mRNA-p1 | TcCLB.510163.20:mRNA-p1	TcCLB.510163.20:mRNA-p1 | TcCLB.510163.20:mRNA-p1		TcCLB.510163.20:mRNA-p1 | TcCLB.510163.20:mRNA-p1		TCSYLVIO_006565-t26_1-p1
LPVPCFNVINGGK	R	H	13	143	155	2	0.9761	1	0.000000	5C(57.0214)		TCSYLVIO_004545-t26_1-p1	TCSYLVIO_004545-t26_1-p1 | TCSYLVIO_004545-t26_1-p1	TCSYLVIO_004545-t26_1-p1 | TCSYLVIO_004545-t26_1-p1		TCSYLVIO_004545-t26_1-p1 | TCSYLVIO_004545-t26_1-p1		
LREIEAQLTQYR	R	V	12	747	758	2	1.0000	1	0.000000			TCSYLVIO_008916-t26_1-p1	TCSYLVIO_008916-t26_1-p1 | TCSYLVIO_008916-t26_1-p1	TCSYLVIO_008916-t26_1-p1 | TCSYLVIO_008916-t26_1-p1		TCSYLVIO_008916-t26_1-p1 | TCSYLVIO_008916-t26_1-p1		TcCLB.511305.20:mRNA-p1
LTITNAY	R	-	7	219	225	2	0.9709	1	0.000000			TCSYLVIO_011045-t26_1-p1	TCSYLVIO_011045-t26_1-p1 | TCSYLVIO_011045-t26_1-p1	TCSYLVIO_011045-t26_1-p1 | TCSYLVIO_011045-t26_1-p1		TCSYLVIO_011045-t26_1-p1 | TCSYLVIO_011045-t26_1-p1		
LTPNSVIADLR	R	G	11	55	65	2	0.9867	1	0.000000			TCSYLVIO_008414-t26_1-p1	TCSYLVIO_008414-t26_1-p1 | TCSYLVIO_008414-t26_1-p1	TCSYLVIO_008414-t26_1-p1 | TCSYLVIO_008414-t26_1-p1		TCSYLVIO_008414-t26_1-p1 | TCSYLVIO_008414-t26_1-p1		TCSYLVIO_008413-t26_1-p1, TcCLB.506363.70:mRNA-p1, TcCLB.506363.80:mRNA-p1
LYNTVMQQPK	R	T	10	190	199	2	0.9680	1	0.000000	6M(15.9949)		TcCLB.510163.20:mRNA-p1	TcCLB.510163.20:mRNA-p1 | TcCLB.510163.20:mRNA-p1	TcCLB.510163.20:mRNA-p1 | TcCLB.510163.20:mRNA-p1		TcCLB.510163.20:mRNA-p1 | TcCLB.510163.20:mRNA-p1		TCSYLVIO_006565-t26_1-p1
MCPYCQR	R	V	7	11	17	2	0.9955	9	0.000000	1M(15.9949), 2C(57.0214), 5C(57.0214)	DTT(151.996500)	TCSYLVIO_004831-t26_1-p1	TCSYLVIO_004831-t26_1-p1 | TCSYLVIO_004831-t26_1-p1	TCSYLVIO_004831-t26_1-p1 | TCSYLVIO_004831-t26_1-p1		TCSYLVIO_004831-t26_1-p1 | TCSYLVIO_004831-t26_1-p1		
MGAEVYHSLK	R	S	10	182	191	2	0.9762	1	0.000000			TCSYLVIO_004545-t26_1-p1	TCSYLVIO_004545-t26_1-p1 | TCSYLVIO_004545-t26_1-p1	TCSYLVIO_004545-t26_1-p1 | TCSYLVIO_004545-t26_1-p1		TCSYLVIO_004545-t26_1-p1 | TCSYLVIO_004545-t26_1-p1		
MYVTSMQR	K	T	8	187	194	2	0.9979	19	0.000000	1M(15.9949), 6M(15.9949)		TCSYLVIO_004831-t26_1-p1	TCSYLVIO_004831-t26_1-p1 | TCSYLVIO_004831-t26_1-p1	TCSYLVIO_004831-t26_1-p1 | TCSYLVIO_004831-t26_1-p1		TCSYLVIO_004831-t26_1-p1 | TCSYLVIO_004831-t26_1-p1		TcCLB.503419.30:mRNA-p1
NIDLPMLEIDLK	K	Q	12	250	261	2	0.9980	13	0.000000	6M(15.9949)		TCSYLVIO_004831-t26_1-p1	TCSYLVIO_004831-t26_1-p1 | TCSYLVIO_004831-t26_1-p1	TCSYLVIO_004831-t26_1-p1 | TCSYLVIO_004831-t26_1-p1		TCSYLVIO_004831-t26_1-p1 | TCSYLVIO_004831-t26_1-p1		TcCLB.503419.30:mRNA-p1
NLDIERPTYTNLNR	R	L	14	249	262	2	0.8652	1	0.000000			TCSYLVIO_008641-t26_1-p1	TCSYLVIO_008641-t26_1-p1 | TCSYLVIO_008641-t26_1-p1	TCSYLVIO_008641-t26_1-p1 | TCSYLVIO_008641-t26_1-p1		TCSYLVIO_008641-t26_1-p1 | TCSYLVIO_008641-t26_1-p1		
NMNAKEEFDWAAGELEK	K	L	17	342	358	3	0.9964	1	0.000000	2M(15.9949)		TCSYLVIO_004831-t26_1-p1	TCSYLVIO_004831-t26_1-p1 | TCSYLVIO_004831-t26_1-p1	TCSYLVIO_004831-t26_1-p1 | TCSYLVIO_004831-t26_1-p1		TCSYLVIO_004831-t26_1-p1 | TCSYLVIO_004831-t26_1-p1		TcCLB.503419.30:mRNA-p1
NVNDVLAPALVGK	K	D	13	68	80	2	0.9729	1	0.000000			TCSYLVIO_004545-t26_1-p1	TCSYLVIO_004545-t26_1-p1 | TCSYLVIO_004545-t26_1-p1	TCSYLVIO_004545-t26_1-p1 | TCSYLVIO_004545-t26_1-p1		TCSYLVIO_004545-t26_1-p1 | TCSYLVIO_004545-t26_1-p1		
NVNDVLAPALVGKDELQQSTLDK	K	L	23	68	90	3	0.9807	1	0.000000			TCSYLVIO_004545-t26_1-p1	TCSYLVIO_004545-t26_1-p1 | TCSYLVIO_004545-t26_1-p1	TCSYLVIO_004545-t26_1-p1 | TCSYLVIO_004545-t26_1-p1		TCSYLVIO_004545-t26_1-p1 | TCSYLVIO_004545-t26_1-p1		
QEVSIVAFER	K	S	10	86	95	2	0.9991	1	0.000000			TcCLB.506945.359:mRNA-p1	TcCLB.506945.359:mRNA-p1 | TcCLB.506945.359:mRNA-p1	TcCLB.506945.359:mRNA-p1 | TcCLB.506945.359:mRNA-p1		TcCLB.506945.359:mRNA-p1 | TcCLB.506945.359:mRNA-p1		
QHIADLIR	R	V	8	196	203	2	0.9957	1	0.000000			TCSYLVIO_005015-t26_1-p1	TCSYLVIO_005015-t26_1-p1 | TCSYLVIO_005015-t26_1-p1	TCSYLVIO_005015-t26_1-p1 | TCSYLVIO_005015-t26_1-p1		TCSYLVIO_005015-t26_1-p1 | TCSYLVIO_005015-t26_1-p1		TCSYLVIO_007531-t26_1-p1
QLFHPEQLISGK	R	E	12	118	129	2	0.9538	1	0.000000			TCSYLVIO_008641-t26_1-p1	TCSYLVIO_008641-t26_1-p1 | TCSYLVIO_008641-t26_1-p1	TCSYLVIO_008641-t26_1-p1 | TCSYLVIO_008641-t26_1-p1		TCSYLVIO_008641-t26_1-p1 | TCSYLVIO_008641-t26_1-p1		TCSYLVIO_010193-t26_1-p1
QLPPWFR	K	W	7	262	268	2	0.9989	9	0.000000			TcCLB.503419.30:mRNA-p1	TcCLB.503419.30:mRNA-p1 | TcCLB.503419.30:mRNA-p1	TcCLB.503419.30:mRNA-p1 | TcCLB.503419.30:mRNA-p1		TcCLB.503419.30:mRNA-p1 | TcCLB.503419.30:mRNA-p1		
QLVQLGVLEGVK	K	M	12	148	159	2	0.9977	2	0.000000			TCSYLVIO_008414-t26_1-p1	TCSYLVIO_008414-t26_1-p1 | TCSYLVIO_008414-t26_1-p1	TCSYLVIO_008414-t26_1-p1 | TCSYLVIO_008414-t26_1-p1		TCSYLVIO_008414-t26_1-p1 | TCSYLVIO_008414-t26_1-p1		TCSYLVIO_008413-t26_1-p1, TcCLB.506363.70:mRNA-p1, TcCLB.506363.90:mRNA-p1
QMPSWFR	K	W	7	262	268	2	0.9796	2	0.000000			TCSYLVIO_004831-t26_1-p1	TCSYLVIO_004831-t26_1-p1 | TCSYLVIO_004831-t26_1-p1	TCSYLVIO_004831-t26_1-p1 | TCSYLVIO_004831-t26_1-p1		TCSYLVIO_004831-t26_1-p1 | TCSYLVIO_004831-t26_1-p1		
RDGFTHILYGCSAVTSDR	K	Y	18	41	58	3	0.9760	1	0.000000	11C(57.0214)		TCSYLVIO_001228-t26_1-p1	TCSYLVIO_001228-t26_1-p1 | TCSYLVIO_001228-t26_1-p1	TCSYLVIO_001228-t26_1-p1 | TCSYLVIO_001228-t26_1-p1		TCSYLVIO_001228-t26_1-p1 | TCSYLVIO_001228-t26_1-p1		
RHDIVALWVFR	R	G	11	347	357	3	0.9974	1	0.000000			TcCLB.510163.20:mRNA-p1	TcCLB.510163.20:mRNA-p1 | TcCLB.510163.20:mRNA-p1	TcCLB.510163.20:mRNA-p1 | TcCLB.510163.20:mRNA-p1		TcCLB.510163.20:mRNA-p1 | TcCLB.510163.20:mRNA-p1		TCSYLVIO_006565-t26_1-p1
RVTLEEVEVPLGDDMPQWYK	K	E	20	26	45	3	0.9996	1	0.000000			TcCLB.503419.30:mRNA-p1	TcCLB.503419.30:mRNA-p1 | TcCLB.503419.30:mRNA-p1	TcCLB.503419.30:mRNA-p1 | TcCLB.503419.30:mRNA-p1		TcCLB.503419.30:mRNA-p1 | TcCLB.503419.30:mRNA-p1		
SAVPSGASTGIHEACELR	R	D	18	33	50	2, 3	1.0000	2	0.000000	15C(57.0214)		TCSYLVIO_004545-t26_1-p1	TCSYLVIO_004545-t26_1-p1 | TCSYLVIO_004545-t26_1-p1	TCSYLVIO_004545-t26_1-p1 | TCSYLVIO_004545-t26_1-p1		TCSYLVIO_004545-t26_1-p1 | TCSYLVIO_004545-t26_1-p1		
SGGFLYGR	R	T	8	82	89	2	0.9977	2	0.000000			TcCLB.510163.20:mRNA-p1	TcCLB.510163.20:mRNA-p1 | TcCLB.510163.20:mRNA-p1	TcCLB.510163.20:mRNA-p1 | TcCLB.510163.20:mRNA-p1		TcCLB.510163.20:mRNA-p1 | TcCLB.510163.20:mRNA-p1		TCSYLVIO_006565-t26_1-p1, TcCLB.506599.10:mRNA-p1, TcCLB.506603.50:mRNA-p1
SHVTWSLAPGYVLFVNK	K	Y	17	218	234	3	1.0000	1	0.000000			TCSYLVIO_004831-t26_1-p1	TCSYLVIO_004831-t26_1-p1 | TCSYLVIO_004831-t26_1-p1	TCSYLVIO_004831-t26_1-p1 | TCSYLVIO_004831-t26_1-p1		TCSYLVIO_004831-t26_1-p1 | TCSYLVIO_004831-t26_1-p1		TcCLB.503419.30:mRNA-p1
SNSEGESAETLDSTR	R	D	15	3694	3708	2	1.0000	1	0.000000			TCSYLVIO_009791-t26_1-p1	TCSYLVIO_009791-t26_1-p1 | TCSYLVIO_009791-t26_1-p1	TCSYLVIO_009791-t26_1-p1 | TCSYLVIO_009791-t26_1-p1		TCSYLVIO_009791-t26_1-p1 | TCSYLVIO_009791-t26_1-p1		
SNSNTHVNADEERR	R	S	14	354	367	2	0.9748	1	0.000000			TCSYLVIO_003227-t26_1-p1	TCSYLVIO_003227-t26_1-p1 | TCSYLVIO_003227-t26_1-p1	TCSYLVIO_003227-t26_1-p1 | TCSYLVIO_003227-t26_1-p1		TCSYLVIO_003227-t26_1-p1 | TCSYLVIO_003227-t26_1-p1		
SQGATFGPVK	R	A	10	206	215	2	0.9979	1	0.000000			TcCLB.510163.20:mRNA-p1	TcCLB.510163.20:mRNA-p1 | TcCLB.510163.20:mRNA-p1	TcCLB.510163.20:mRNA-p1 | TcCLB.510163.20:mRNA-p1		TcCLB.510163.20:mRNA-p1 | TcCLB.510163.20:mRNA-p1		TCSYLVIO_006565-t26_1-p1
SQWGSIVHALEEAQR	K	V	15	1917	1931	3	0.9997	1	0.000000			TCSYLVIO_003915-t26_1-p1	TCSYLVIO_003915-t26_1-p1 | TCSYLVIO_003915-t26_1-p1	TCSYLVIO_003915-t26_1-p1 | TCSYLVIO_003915-t26_1-p1		TCSYLVIO_003915-t26_1-p1 | TCSYLVIO_003915-t26_1-p1		
TEPGFIDFNIR	K	L	11	3749	3759	2	0.9887	1	0.000000			TCSYLVIO_009791-t26_1-p1	TCSYLVIO_009791-t26_1-p1 | TCSYLVIO_009791-t26_1-p1	TCSYLVIO_009791-t26_1-p1 | TCSYLVIO_009791-t26_1-p1		TCSYLVIO_009791-t26_1-p1 | TCSYLVIO_009791-t26_1-p1		
TFLRPSS	K	-	7	439	445	2	0.9706	10	0.000000			TcCLB.503419.30:mRNA-p1	TcCLB.503419.30:mRNA-p1 | TcCLB.503419.30:mRNA-p1	TcCLB.503419.30:mRNA-p1 | TcCLB.503419.30:mRNA-p1		TcCLB.503419.30:mRNA-p1 | TcCLB.503419.30:mRNA-p1		
TFLVGER	R	M	7	148	154	2	0.8654	1	0.000000			TcCLB.510163.20:mRNA-p1	TcCLB.510163.20:mRNA-p1 | TcCLB.510163.20:mRNA-p1	TcCLB.510163.20:mRNA-p1 | TcCLB.510163.20:mRNA-p1		TcCLB.510163.20:mRNA-p1 | TcCLB.510163.20:mRNA-p1		TCSYLVIO_006565-t26_1-p1
TGAYTDSAGYAFAR	R	D	14	208	221	2	1.0000	1	0.000000			TCSYLVIO_006933-t26_1-p1	TCSYLVIO_006933-t26_1-p1 | TCSYLVIO_006933-t26_1-p1	TCSYLVIO_006933-t26_1-p1 | TCSYLVIO_006933-t26_1-p1		TCSYLVIO_006933-t26_1-p1 | TCSYLVIO_006933-t26_1-p1		TCSYLVIO_006934-t26_1-p1
TIQFVDWSPTGFK	R	C	13	373	385	2	1.0000	1	0.000000			TCSYLVIO_008641-t26_1-p1	TCSYLVIO_008641-t26_1-p1 | TCSYLVIO_008641-t26_1-p1	TCSYLVIO_008641-t26_1-p1 | TCSYLVIO_008641-t26_1-p1		TCSYLVIO_008641-t26_1-p1 | TCSYLVIO_008641-t26_1-p1		TCSYLVIO_008204-t26_1-p1
TPGCFCLLGIR	K	D	11	345	355	2	1.0000	1	0.000000	4C(57.0214), 6C(57.0214)		TCSYLVIO_008414-t26_1-p1	TCSYLVIO_008414-t26_1-p1 | TCSYLVIO_008414-t26_1-p1	TCSYLVIO_008414-t26_1-p1 | TCSYLVIO_008414-t26_1-p1		TCSYLVIO_008414-t26_1-p1 | TCSYLVIO_008414-t26_1-p1		TcCLB.506363.70:mRNA-p1
TTINTLIQYDPK	K	L	12	3727	3738	2	0.9719	1	0.000000			TCSYLVIO_009791-t26_1-p1	TCSYLVIO_009791-t26_1-p1 | TCSYLVIO_009791-t26_1-p1	TCSYLVIO_009791-t26_1-p1 | TCSYLVIO_009791-t26_1-p1		TCSYLVIO_009791-t26_1-p1 | TCSYLVIO_009791-t26_1-p1		
TTVKETISKPEEYIIGFK	R	S	18	195	212	3	0.9988	1	0.000000			TcCLB.503419.30:mRNA-p1	TcCLB.503419.30:mRNA-p1 | TcCLB.503419.30:mRNA-p1	TcCLB.503419.30:mRNA-p1 | TcCLB.503419.30:mRNA-p1		TcCLB.503419.30:mRNA-p1 | TcCLB.503419.30:mRNA-p1		
VAPSLLAPR	R	R	9	14	22	2	0.9990	1	0.000000			TCSYLVIO_004681-t26_1-p1	TCSYLVIO_004681-t26_1-p1 | TCSYLVIO_004681-t26_1-p1	TCSYLVIO_004681-t26_1-p1 | TCSYLVIO_004681-t26_1-p1		TCSYLVIO_004681-t26_1-p1 | TCSYLVIO_004681-t26_1-p1		TcCLB.503535.9:mRNA-p1
VEFFLSEIGDLIK	R	A	13	95	107	2	0.9998	3	0.000000			TCSYLVIO_004831-t26_1-p1	TCSYLVIO_004831-t26_1-p1 | TCSYLVIO_004831-t26_1-p1	TCSYLVIO_004831-t26_1-p1 | TCSYLVIO_004831-t26_1-p1		TCSYLVIO_004831-t26_1-p1 | TCSYLVIO_004831-t26_1-p1		
VEIVQSSR	R	E	8	641	648	2	0.9974	1	0.000000			TCSYLVIO_004946-t26_1-p1	TCSYLVIO_004946-t26_1-p1 | TCSYLVIO_004946-t26_1-p1	TCSYLVIO_004946-t26_1-p1 | TCSYLVIO_004946-t26_1-p1		TCSYLVIO_004946-t26_1-p1 | TCSYLVIO_004946-t26_1-p1		TcCLB.507641.30:mRNA-p1
VFFSLSEYSSIYK	K	T	13	426	438	2	1.0000	5	0.000000			TCSYLVIO_004831-t26_1-p1	TCSYLVIO_004831-t26_1-p1 | TCSYLVIO_004831-t26_1-p1	TCSYLVIO_004831-t26_1-p1 | TCSYLVIO_004831-t26_1-p1		TCSYLVIO_004831-t26_1-p1 | TCSYLVIO_004831-t26_1-p1		
VFMVPGWR	K	L	8	249	256	2	0.9717	1	0.000000			TCSYLVIO_005015-t26_1-p1	TCSYLVIO_005015-t26_1-p1 | TCSYLVIO_005015-t26_1-p1	TCSYLVIO_005015-t26_1-p1 | TCSYLVIO_005015-t26_1-p1		TCSYLVIO_005015-t26_1-p1 | TCSYLVIO_005015-t26_1-p1		
VKLEEVEVSLGDDMPQWYK	R	E	19	27	45	2, 3	1.0000	7	0.000000	14M(15.9949)	Ser->Pro(10.020700)	TCSYLVIO_004831-t26_1-p1	TCSYLVIO_004831-t26_1-p1 | TCSYLVIO_004831-t26_1-p1	TCSYLVIO_004831-t26_1-p1 | TCSYLVIO_004831-t26_1-p1		TCSYLVIO_004831-t26_1-p1 | TCSYLVIO_004831-t26_1-p1		
VLEPSTMSK	K	R	9	6	14	2	0.9719	1	0.000000			TCSYLVIO_005015-t26_1-p1	TCSYLVIO_005015-t26_1-p1 | TCSYLVIO_005015-t26_1-p1	TCSYLVIO_005015-t26_1-p1 | TCSYLVIO_005015-t26_1-p1		TCSYLVIO_005015-t26_1-p1 | TCSYLVIO_005015-t26_1-p1		
VLTPFPNR	R	L	8	130	137	2	0.9724	1	0.000000			TCSYLVIO_004877-t26_1-p1	TCSYLVIO_004877-t26_1-p1 | TCSYLVIO_004877-t26_1-p1	TCSYLVIO_004877-t26_1-p1 | TCSYLVIO_004877-t26_1-p1		TCSYLVIO_004877-t26_1-p1 | TCSYLVIO_004877-t26_1-p1		TcCLB.507709.44:mRNA-p1
VNSALVTLSR	R	G	10	299	308	2	0.9824	2	0.000000			TCSYLVIO_004597-t26_1-p1	TCSYLVIO_004597-t26_1-p1 | TCSYLVIO_004597-t26_1-p1	TCSYLVIO_004597-t26_1-p1 | TCSYLVIO_004597-t26_1-p1		TCSYLVIO_004597-t26_1-p1 | TCSYLVIO_004597-t26_1-p1		
VPHGGFSNLESASGTTQR	K	F	18	4060	4077	2, 3	0.9999	2	0.000000			TCSYLVIO_009791-t26_1-p1	TCSYLVIO_009791-t26_1-p1 | TCSYLVIO_009791-t26_1-p1	TCSYLVIO_009791-t26_1-p1 | TCSYLVIO_009791-t26_1-p1		TCSYLVIO_009791-t26_1-p1 | TCSYLVIO_009791-t26_1-p1		
VPTSHVTWSLAPGYVLFVNK	K	Y	20	215	234	2, 3	1.0000	14	0.000000		Cation:Na(21.981900), Trioxidation(47.984700)	TCSYLVIO_004831-t26_1-p1	TCSYLVIO_004831-t26_1-p1 | TCSYLVIO_004831-t26_1-p1	TCSYLVIO_004831-t26_1-p1 | TCSYLVIO_004831-t26_1-p1		TCSYLVIO_004831-t26_1-p1 | TCSYLVIO_004831-t26_1-p1		
VTLEEVEVPLGDDMPQWYK	R	E	19	27	45	3	1.0000	5	0.000000	14M(15.9949)	Thr->Lys(27.047200)	TcCLB.503419.30:mRNA-p1	TcCLB.503419.30:mRNA-p1 | TcCLB.503419.30:mRNA-p1	TcCLB.503419.30:mRNA-p1 | TcCLB.503419.30:mRNA-p1		TcCLB.503419.30:mRNA-p1 | TcCLB.503419.30:mRNA-p1		
VTNLTTAHVEGALAP	K	-	15	284	298	2	0.9991	1	0.000000		OxArgBiotin(310.135100)	TCSYLVIO_004105-t26_1-p1	TCSYLVIO_004105-t26_1-p1 | TCSYLVIO_004105-t26_1-p1	TCSYLVIO_004105-t26_1-p1 | TCSYLVIO_004105-t26_1-p1		TCSYLVIO_004105-t26_1-p1 | TCSYLVIO_004105-t26_1-p1		
YLAELAGTK	R	E	9	131	139	2	0.9780	2	0.000000			TCSYLVIO_004545-t26_1-p1	TCSYLVIO_004545-t26_1-p1 | TCSYLVIO_004545-t26_1-p1	TCSYLVIO_004545-t26_1-p1 | TCSYLVIO_004545-t26_1-p1		TCSYLVIO_004545-t26_1-p1 | TCSYLVIO_004545-t26_1-p1		
YSPFSDRPR	K	L	9	235	243	2, 3	0.9997	14	0.000000			TCSYLVIO_004831-t26_1-p1	TCSYLVIO_004831-t26_1-p1 | TCSYLVIO_004831-t26_1-p1	TCSYLVIO_004831-t26_1-p1 | TCSYLVIO_004831-t26_1-p1		TCSYLVIO_004831-t26_1-p1 | TCSYLVIO_004831-t26_1-p1		TcCLB.503419.30:mRNA-p1
